{
    "brand_txt": "GILDAN",
    "design_angle": -4.636966018678101,
    "design_color_score": 0.8718708435501913,
    "garment_color_score": 0.9929467558073439,
    "design_matching_score": 0.8693926334381104
}